Quantity,Designator,Description,Comment,MFR,MPN,Footprint

"5","C1, C3, C6, C7, C8","CAP, TANT, 0805, 50V, 0.1uF","0.1uF","Samsung EM","CL21B104KCFSFNE","0805"
"1","C2","CAP, TANT, 0805, 50V, 10uF","10uF","??","??","1206-POL"
"1","C4","CAP, TANT, 0402, 50V, 18pF","18pF","","","0402"
"1","C5","CAP, TANT, 0402, 50V, 33pF","33pF","","","0402"
"1","D1","Schottky Diode","DIODE SCHOTTKY","-","-","SOD123"
"1","Q1","TR, FET, N-CH","BSH103","Nexperia","BSH103BKR","SOT23-A"
"1","R1","RES, CHP, 0402, 1%, 20","20","Yageo","RC0402FR-0720RL","0402"
"1","R2","RES, CHP, 0402, 1%, 1M","1M","Yageo","RC0402FR-071ML","0402"
"1","R3","RES, CHP, 0402, 1%, 1562","562K","Yageo","RC0402FR-07562KL","0402"
"1","R4","RES, CHP, 0402, 1%, 820K","820K","Yageo","RC0402FR-07820KL","0402"
"5","R5, R6, R7, R8, R9","RES, CHP, 0402, 1%, 4.99K","4.99K","Yageo","RC0402FR-074K99L","0402"
"1","U1","IC, ENC, CTCSS","MX-315P","-","-","DIP14"
"1","U2","IC, CTCSS, ENC/DEC","MX465","MXCOM","MX465DS","SSOP-24"
"1","U3","IC,GATE,2IN,AND,SNGL,","74HCT08","-","-","SC70-5"
"1","U4","IC, OPAMP, JFET, DUAL","TL082","-","-","SO8"
"1","Y1","XTAL, 2-PIN","4.000 MHz","Fox","FC8AQCCMC4.0-T1","XTAL_SMD_10MM-4.5MM"
